Comm.Bio	Chr	Ref.NM	Gene	exon	c.(Annovar)	p.(Annovar)	c.(Mutalyzer)	p.(Mutalyzer)	Var.freq.	Var.Cov.	Pos.Cov.	Region	Type	Start_Position	Ref.seq	Var.seq	COSMIC	ESPFreq	dbSNP	1000G_ALL_AF	1000G_ALL_PROBS_AA:AB:BB	1000G_EUR_AF	1000G_EUR_PROBS_AA:AB:BB	1000G_AMR_AF	1000G_AMR_PROBS_AA:AB:BB	1000G_ASN_AF	1000G_ASN_PROBS_AA:AB:BB	1000G_AFR_AF	1000G_AFR_PROBS_AA:AB:BB	CLINVAR	SIFT_SCORE	SIFT_INTERPRETATION	POLYPHEN2_HDIV_SCORE	POLYPHEN2_HDIV_INTERPRETATION	POLYPHEN2_HVAR_SCORE	POLYPHEN2_HVAR_INTERPRETATION	Amplicon
ok pol 	chr7	NM_001127500	MET	2	c.1124A>G	p.N375S	c.1124A>G	p.(Asn375Ser)	51	265	519	exonic	missense	116340262	A	G	NA		rs33917957	0.0329473	0.94:0.06:0	0.0209	0.96:0.04:0	0.0101	0.98:0.02:0	0.05	0.9:0.1:0	0.0053	0.99:0.01:0	CLINSIG=non-pathogenic|non-pathogenic|non-pathogenic|non-pathogenic;CLNDBN=not_provided|not_specified|Renal_cell_carcinomax2c_papillaryx2c_1|Hereditary_cancer-predisposing_syndrome;CLNREVSTAT=single|single|single|single;CLNACC=RCV000034516.1|RCV000079482.4|RCV000119105.1|RCV000163271.1;CLNDSDB=MedGen|MedGen|MedGen:OMIM:Orphanet:SNOMED_CT|MedGen:SNOMED_CT;CLNDSDBID=CN221809|CN169374|C0007134:605074:ORPHA47044:41607009|C0027672:699346009	0.16	Tolerated	0.05	Benign	0.07	Benign	
pol	chr4	NM_000222	KIT	10	c.1621A>C	p.M541L	c.1621A>C	p.(Met541Leu)	47	661	1414	exonic	missense	55593464	A	C	ID=COSM28026;OCCURENCE=1(stomach)		rs3822214	0.0644968	0.88:0.12:0	0.0785	0.85:0.14:0.01	0.0562	0.89:0.11:0	0.05	0.9:0.1:0	0.0507	0.9:0.1:0	CLINSIG=non-pathogenic|untested;CLNDBN=not_provided|not_specified;CLNREVSTAT=single|not;CLNACC=RCV000034504.1|RCV000121313.1;CLNDSDB=MedGen|MedGen;CLNDSDBID=CN221809|CN169374	0.6	Tolerated	0.01	Benign	0.02	Benign	
pol	chr4	NM_002253	KDR	11	c.1416A>T	p.Q472H	c.1416A>T	p.(Gln472His)	11	27	244	exonic	missense	55972974	T	A	ID=COSM149673;OCCURENCE=1(stomach),1(large_intestine)		rs1870377	0.211861	0.62:0.33:0.04	0.2346	0.59:0.36:0.06	0.1311	0.75:0.23:0.02	0.43	0.32:0.49:0.18	0.09	0.83:0.16:0.01	CLINSIG=untested;CLNDBN=not_specified;CLNREVSTAT=not;CLNACC=RCV000121293.1;CLNDSDB=MedGen;CLNDSDBID=CN169374	0.35	Tolerated	0.96	Possibly_damaging	0.8	Possibly_damaging	
	chr10	NM_000314	PTEN	5	c.346G>A	p.D116N	c.346G>A	p.(Asp116Asn)	5	11	208	exonic	missense	89692862	G	A	NA		NA	NA	NA:NA:NA	NA	NA:NA:NA	NA	NA:NA:NA	NA	NA:NA:NA	NA	NA:NA:NA	NA	NA	NA	0.32	Benign	0.17	Benign	
	chr11	NM_000051	ATM	59	c.8662A>G	p.I2888V	c.8662A>G	p.(Ile2888Val)	4	4	107	exonic	missense	108218083	A	G	NA		NA	NA	NA:NA:NA	NA	NA:NA:NA	NA	NA:NA:NA	NA	NA:NA:NA	NA	NA:NA:NA	NA	0.14	Tolerated	1	Probably_damaging	1	Probably_damaging	
	chr10	NM_000314	PTEN	8	c.982G>A	p.A328T	c.982G>A	p.(Ala328Thr)	4	4	109	exonic	missense	89720831	G	A	NA		NA	NA	NA:NA:NA	NA	NA:NA:NA	NA	NA:NA:NA	NA	NA:NA:NA	NA	NA:NA:NA	NA	NA	NA	1	Probably_damaging	0.94	Probably_damaging	
	chr5	NM_000038	APC	16	c.4744G>A	p.A1582T	c.4744G>A	p.(Ala1582Thr)	3	13	413	exonic	missense	112176035	G	A	NA		NA	NA	NA:NA:NA	NA	NA:NA:NA	NA	NA:NA:NA	NA	NA:NA:NA	NA	NA:NA:NA	NA	NA	NA	1	Probably_damaging	1	Probably_damaging	
	chr10	NM_000314	PTEN	7	c.731C>T	p.P244L	c.731C>T	p.(Pro244Leu)	3	4	134	exonic	missense	89717706	C	T	NA		NA	NA	NA:NA:NA	NA	NA:NA:NA	NA	NA:NA:NA	NA	NA:NA:NA	NA	NA:NA:NA	NA	NA	NA	0.98	Probably_damaging	0.82	Possibly_damaging	

	chr13		FLT3(NM_004119:exon12:c.1310-3T>C)						100	2782	2782	splicing	NA	28610183	A	G	NA		rs2491231	0.563299	0.19:0.49:0.32	0.7724	0.05:0.35:0.6	0.7161	0.08:0.41:0.51	0.7	0.09:0.42:0.49	0.1944	0.65:0.31:0.04	NA	NA	NA	NA	NA	NA	NA	

 Mutalyzer : G not found at position 2497, found T instead.	chr10	NM_020975	RET	13	c.2307G>T	p.L769L			100	1219	1219	exonic	synonymous	43613843	G	T	NA		rs1800861	0.71246	0.08:0.41:0.51	0.7644	0.06:0.36:0.58	0.7478	0.06:0.38:0.56	0.49	0.26:0.5:0.24	0.9206	0.01:0.15:0.85	CLINSIG=non-pathogenic|non-pathogenic|non-pathogenic;CLNDBN=No_MEN2_disease|not_provided|not_specified,not_specified;CLNREVSTAT=single|single|single,mult;CLNACC=RCV000021844.1|RCV000127779.1|RCV000154625.1,RCV000153835.3;CLNDSDB=.|MedGen|MedGen,MedGen;CLNDSDBID=.|CN221809|CN169374,CN169374	NA	NA	NA	NA	NA	NA	
 Mutalyzer : G not found at position 2209, found A instead.	chr4	NM_000142	FGFR3	14	c.1953G>A	p.T651T			100	928	928	exonic	synonymous	1807894	G	A	NA		rs7688609	0.95607	0:0.08:0.91	1	0:0:1	0.9914	0:0.02:0.98	1	0:0:1	0.8381	0.03:0.27:0.7	NA	NA	NA	NA	NA	NA	NA	
	chr4	NM_006206	PDGFRA	12	c.1701A>G	p.P567P	c.1701A>G	p.(=)	100	365	365	exonic	synonymous	55141055	A	G	ID=COSM1430082;OCCURENCE=1(large_intestine)		rs1873778	0.957668	0:0.08:0.92	0.999	0:0:1	0.9928	0:0.01:0.99	1	0:0:1	0.8442	0.02:0.26:0.71	NA	NA	NA	NA	NA	NA	NA	
	chr7	NM_001127500	MET	2	c.534C>T	p.S178S	c.534C>T	p.(=)	51	1347	2652	exonic	synonymous	116339672	C	T	ID=COSM1579024;OCCURENCE=1(lung)		rs35775721	0.0884585	0.83:0.16:0.01	0.0417	0.92:0.08:0	0.0303	0.94:0.06:0	0.05	0.9:0.1:0	0.1664	0.69:0.28:0.03	CLINSIG=non-pathogenic|non-pathogenic;CLNDBN=not_specified|Hereditary_cancer-predisposing_syndrome;CLNREVSTAT=single|single;CLNACC=RCV000079497.3|RCV000163270.1;CLNDSDB=MedGen|MedGen:SNOMED_CT;CLNDSDBID=CN169374|C0027672:699346009	NA	NA	NA	NA	NA	NA	
	chr7	NM_005228	EGFR	20	c.2361G>A	p.Q787Q	c.2361G>A	p.(=)	42	16	38	exonic	synonymous	55249063	G	A	ID=COSM1451600;OCCURENCE=1(large_intestine),1(breast)		rs1050171	0.432708	0.32:0.49:0.19	0.6074	0.15:0.48:0.37	0.5519	0.2:0.49:0.3	0.13	0.76:0.23:0.02	0.4175	0.34:0.49:0.17	CLINSIG=non-pathogenic;CLNDBN=not_specified;CLNREVSTAT=single;CLNACC=RCV000038427.2;CLNDSDB=MedGen;CLNDSDBID=CN169374	NA	NA	NA	NA	NA	NA	
	chr10	NM_000314	PTEN	6	c.541C>T	p.L181L	c.541C>T	p.(=)	8	4	52	exonic	synonymous	89711923	C	T	NA		NA	NA	NA:NA:NA	NA	NA:NA:NA	NA	NA:NA:NA	NA	NA:NA:NA	NA	NA:NA:NA	NA	NA	NA	NA	NA	NA	NA	
	chr3	NM_000551	VHL	1	c.321C>A	p.R107R	c.321C>A	p.(=)	5	21	437	exonic	synonymous	10183852	C	A	NA		NA	NA	NA:NA:NA	NA	NA:NA:NA	NA	NA:NA:NA	NA	NA:NA:NA	NA	NA:NA:NA	NA	NA	NA	NA	NA	NA	NA	
	chr10	NM_000314	PTEN	7	c.795A>G	p.L265L	c.795A>G	p.(=)	5	6	132	exonic	synonymous	89717770	A	G	NA		NA	NA	NA:NA:NA	NA	NA:NA:NA	NA	NA:NA:NA	NA	NA:NA:NA	NA	NA:NA:NA	NA	NA	NA	NA	NA	NA	NA	
	chr4	NM_033632	FBXW7	10	c.1524A>G	p.Q508Q	c.1524A>G	p.(=)	4	74	1892	exonic	synonymous	153247278	T	C	NA		rs147462419	0.000199681	1:0:0	NA	NA:NA:NA	NA	NA:NA:NA	NA	NA:NA:NA	8e-04	1:0:0	NA	NA	NA	NA	NA	NA	NA	
	chr10	NM_000314	PTEN	7	c.720C>T	p.Y240Y	c.720C>T	p.(=)	4	5	130	exonic	synonymous	89717695	C	T	NA		rs190070312	0.000199681	1:0:0	0.001	1:0:0	NA	NA:NA:NA	NA	NA:NA:NA	NA	NA:NA:NA	NA	NA	NA	NA	NA	NA	NA	

	chr4	NM_002253	KDR						100	329	329	intronic	NA	55980239	C	T	NA		rs7692791	0.544129	0.21:0.5:0.3	0.5447	0.21:0.5:0.3	0.464	0.29:0.5:0.22	0.62	0.14:0.47:0.38	0.3896	0.37:0.48:0.15	NA	NA	NA	NA	NA	NA	NA	
	chr18	NM_005359	SMAD4						63	695	1099	intronic	NA	48586344	C	T	NA		rs948588	0.038738	0.92:0.07:0	0.0805	0.85:0.15:0.01	0.0288	0.94:0.06:0	0.05	0.9:0.1:0	0.0015	1:0:0	NA	NA	NA	NA	NA	NA	NA	
	chr4	NM_002253	KDR						50	401	801	intronic	NA	55962545	-	G	NA		rs3214870	0.241014	0.58:0.37:0.06	0.2386	0.58:0.36:0.06	0.1455	0.73:0.25:0.02	0.42	0.34:0.49:0.18	0.1967	0.65:0.32:0.04	NA	NA	NA	NA	NA	NA	NA	
	chr10	NM_020975	RET						3	4	127	intronic	NA	43609910	C	T	NA		NA	NA	NA:NA:NA	NA	NA:NA:NA	NA	NA:NA:NA	NA	NA:NA:NA	NA	NA:NA:NA	NA	NA	NA	NA	NA	NA	NA	

	chr5		CSF1R(NM_005211:c.*34_*35insT,NM_001288705:c.*34_*35insT)						18	109	619	UTR3	NA	149433597	-	A	NA		NA	NA	NA:NA:NA	NA	NA:NA:NA	NA	NA:NA:NA	NA	NA:NA:NA	NA	NA:NA:NA	NA	NA	NA	NA	NA	NA	NA	
	chr5		CSF1R(NM_005211:c.*36delA,NM_001288705:c.*36delA)						17	107	629	UTR3	NA	149433596	T	-	NA		NA	NA	NA:NA:NA	NA	NA:NA:NA	NA	NA:NA:NA	NA	NA:NA:NA	NA	NA:NA:NA	NA	NA	NA	NA	NA	NA	NA	

